frame,theta
0,0.7169215679168701
1,0.7322884202003479
2,0.7628892064094543
3,0.9203792810440063
