frame,theta
0,0.866007387638092
1,0.8420073986053467
2,0.8195536732673645
3,0.8357014060020447
4,0.879221498966217
5,0.8866074085235596
