frame,theta
0,0.865418016910553
1,0.8984349966049194
