frame,theta
0,0.7475938200950623
1,0.8329600095748901
2,0.8445934653282166
3,1.0185261964797974
