frame,theta
0,0.650166392326355
1,0.6458393931388855
2,0.8865700364112854
