frame,theta
0,0.879059374332428
1,0.9657596945762634
