frame,theta
0,0.7812113761901855
1,0.9580193161964417
