frame,theta
0,0.7713486552238464
1,0.9388177394866943
